{"loss":0.05962485820055008,"_wandb":{"runtime":635},"_runtime":635,"_timestamp":1.764954950844804e+09,"_step":1562}