{"_step":76,"_wandb":{"runtime":185},"_runtime":185,"loss":0.223367378115654,"_timestamp":1.764954237117757e+09}