{"loss":0.023233985528349876,"_timestamp":1.7649541286380131e+09,"_wandb":{"runtime":625},"_runtime":625,"_step":1562}